geonameid,name,asciiname,alternatenames,latitude,longitude,feature_class,feature_code,country_code,cc2,admin1_code,admin2_code,admin3_code,admin4_code,population,elevation,dem,timezone,modification_date
4047734,Ocean View,Ocean View,"Hall's Store,Halls Store,Ocean View,Oushan Vju,awshn fyw,osana bhyu,ou shen wei you,Оушан Вју,أوشن فيو,اوشن ویو، ڈیلاویئر,اوشن‌ویو، دلاور,ओसन भ्यू,欧申维尤",38.54511,-75.08907,P,PPL,US,,DE,5,,,2035,4.0,4,America/New_York,2017-03-09
4141226,Angola by the Bay,Angola by the Bay,"Angola,Angola by the Bay",38.67095,-75.17463,P,PPL,US,,DE,5,,,311,7.0,14,America/New_York,2026-08-23
4141246,Arden,Arden,"Arden,Arden Village,Grubbs,ardena,ardn,ardn  dlawr,ya dun,Арден,آردن، دلاور,آرڈین، ڈیلاویئر,أردن,आर्डेन,雅顿",39.80928,-75.48659,P,PPL,US,,DE,3,,,450,78.0,85,America/New_York,2017-03-09
4141248,Ardencroft,Ardencroft,"Arden,Arden Croft,Ardencroft,Ardencroft Village",39.80428,-75.49131,P,PPL,US,,DE,3,,,231,87.0,87,America/New_York,2011-05-14
4141249,Ardentown,Ardentown,"Arden,Ardentown,Ardentown Village",39.80845,-75.48298,P,PPL,US,,DE,3,,,272,72.0,80,America/New_York,2017-03-09
4141363,Bear,Bear,"Bear,Bear Station",39.62928,-75.65826,P,PPL,US,,DE,3,,,19371,21.0,19,America/New_York,2011-05-14
4141402,Bellefonte,Bellefonte,,39.766,-75.502,P,PPL,US,,DE,3,7161512.0,,1193,57.0,41,America/New_York,2024-02-12
4141435,Bethany Beach,Bethany Beach,"Betani Bich,bei se ni tan,bethyani bica,bytany bytsh,sahl btany  dlawr,Бетани Бич,بيتاني بيتش,بیتھانی بیچ، ڈیلاویئر,ساحل بتانی، دلاور,बेथ्यानी बीच,貝瑟尼灘",38.53956,-75.05518,P,PPL,US,,DE,5,,,1170,2.0,5,America/New_York,2026-08-31
4141443,Bethel,Bethel,,39.23428,-75.58159,P,PPLL,US,,DE,1,,,192,11.0,12,America/New_York,2022-09-16
4141444,Bethel,Bethel,,38.57067,-75.61937,P,PPL,US,,DE,5,,,187,7.0,10,America/New_York,2017-03-09
4141541,Blades,Blades,,38.63567,-75.60993,P,PPL,US,,DE,5,,,1354,4.0,5,America/New_York,2017-03-09
4141582,Bowers Beach,Bowers Beach,"Bowers,Bowers Beach,Reeds Landing",39.05983,-75.40131,P,PPL,US,,DE,1,,,185,1.0,4,America/New_York,2012-05-28
4141632,Bridgeville,Bridgeville,"Bridge Branch,Bridge Town,Bridgebranch,Bridgeville,Bridzvil,brijabhila,brydjfyl,bu li qi wei er,Бриџвил,برج ویل، ڈیلاویئر,بريدجفيل,بریج‌ویل، دلاور,ब्रिजभिल,布里奇维尔",38.74261,-75.60437,P,PPL,US,,DE,5,,,2256,13.0,12,America/New_York,2017-03-09
4141674,Brookside,Brookside,"Brookside,Brookside Park,Bruksajd,brukasa'ida,brwksayd,brwksayd  dlawyr,bu lu ke sai de,burukkusaido,Бруксайд,بروكسايد,بروکساید,بروکساید، دلاویر,ब्रूकसाइड,ブルックサイド,布魯克賽德",39.66706,-75.72688,P,PPL,US,,DE,3,,,14353,23.0,25,America/New_York,2026-08-30
4141748,Camden,Camden,"Camden,Kamden,Mifflins Cross Roads,Piccadily,ka mu deng,kamdn,kmdn  dlawr,kyamdena,Камден,كامدن,کمدن، دلاور,کیمڈن، ڈیلاویئر,क्याम्डेन,卡姆登",39.11345,-75.54187,P,PPL,US,,DE,1,,,3505,12.0,15,America/New_York,2026-08-30
4141903,Cheswold,Cheswold,"Cheswold,DOV,Leipsic Station,Moorton",39.21928,-75.58576,P,PPL,US,,DE,1,,,1415,12.0,14,America/New_York,2017-03-09
4141974,Claymont,Claymont,"Claymont,Gwinhurst,Klejmont,Naaman's,Naaman's Creek,Naamans Corner,ke lai meng te,klaymwnt,klemonta,klymwnt,klymwnt  dlawyr,kureimonto,Клеймонт,كلايمونت,کلیمونت,کلیمونت، دلاویر,क्लेमोन्ट,クレイモント,克萊蒙特",39.80067,-75.45964,P,PPL,US,,DE,3,,,8253,22.0,30,America/New_York,2011-05-14
4141982,Clayton,Clayton,"Clayton,Jimtown,Klejton,Salisbury,Smyrna Station,klaytwn,kletana,klytwn  dlawr,Клейтон,Клејтон,كلايتون,کلیتون، دلاور,کلیٹون، ڈیلاویئر,क्लेटन",39.29067,-75.63437,P,PPL,US,,DE,1,,,3123,14.0,15,America/New_York,2017-03-09
4142137,Dagsboro,Dagsboro,"Blackfoot,Blackfoot Town,Dagsboro,Dagsborough,Dagsbury,Dogsboro",38.54928,-75.24574,P,PPL,US,,DE,5,,,859,8.0,9,America/New_York,2017-03-09
4142191,Delaware City,Delaware City,"Delavehr-Siti,Delaver Siti,Delaver-Siti,Delaware City,Newbold's Landing,delavera siti,dellaweeositi,deraueashiti,dlawr syty  dlawr,dlawyr syty  dlawyr,dylawyr syty,te la hua cheng,Делавер Сити,Делавер-Сити,Делавер-Сіті,Делавэр-Сити,דלאוור סיטי,دلاور سیتی، دلاور,دلاویر سیتی، دلاویر,ديلاوير سيتى,ديلاوير سيتي,ڈیلاویئر سٹی، ڈیلاویئر,डेलावेर सिटी,デラウェアシティ,特拉华城,델라웨어시티",39.57775,-75.58945,P,PPL,US,,DE,3,7316523.0,,1741,1.0,1,America/New_York,2024-04-08
4142226,Delmar,Delmar,"Delmar,de er ma,delmara,dlmar,dlmar  dlawr,Делмар,دلمار,دلمار، دلاور,ڈلمار، ڈیلاویئر,डेल्मार,德尔玛",38.45651,-75.57715,P,PPL,US,,DE,5,,,1730,16.0,16,America/New_York,2026-08-31
4142256,Dewey Beach,Dewey Beach,,38.69289,-75.07462,P,PPL,US,,DE,5,,,371,2.0,8,America/New_York,2017-03-09
4142290,Dover,Dover,"DOV,Douvur,Dover,Dover i Delaware,Dovera,Doveres,Doveris,Doverės,Ntover,doba,dobeo,dobhara,dovar,dovara,doveri,dovhara,duo fu,dwbr,dwfr,dwwr  dlawr,tovar,Ντόβερ,Довер,Доувър,Դովեր,דאווער,דובר,دوفر,دوور، دلاور,ڈwwr,ڈوور,ڈوور، ڈیلاویئر,ډwr,ډور,डोभर,डोवर,डोवर्,डोव्हर,दोभर,ডোভার,ਡੋਵਰ,டோவர்,ዶቨር,ドーバー,多佛,도버",39.15817,-75.52437,P,PPLA,US,,DE,1,,,39403,9.0,11,America/New_York,2026-04-14
4142398,Edgemoor,Edgemoor,"Edge Moor,Edgemoor",39.75011,-75.49964,P,PPL,US,,DE,3,,,5677,10.0,11,America/New_York,2011-05-14
4142412,Ellendale,Ellendale,"Elendejl,ai lun dai er,alndal  dlawr,alyndyl,elenadela,Елендејл,إلينديل,الندال، دلاور,ایلندال، ڈیلاویئر,एलेनडेल,埃伦代尔",38.80706,-75.4227,P,PPL,US,,DE,5,,,415,15.0,16,America/New_York,2017-03-09
4142424,Elsmere,Elsmere,"Elsmir,ai er si mi er,alsmr,alsmr  dlawr,elsmera,Елсмир,إلسمر,السمر، دلاور,ایلسمیر، ڈیلاویئر,एल्स्मेर,埃尔斯米尔",39.73928,-75.59798,P,PPL,US,,DE,3,,,6146,31.0,36,America/New_York,2026-08-30
4142477,Farmington,Farmington,"Farmington,Flatiron,Фармингтон",38.86928,-75.57854,P,PPL,US,,DE,1,,,117,18.0,19,America/New_York,2017-03-09
4142485,Felton,Felton,"Felton,fei er dun,fltwn  dlawr,fyltwn,pheltana,Фелтон,فلتون، دلاور,فيلتون,فیلٹن، ڈیلاویئر,फेल्टन,费尔顿",39.00845,-75.57798,P,PPL,US,,DE,1,,,1402,17.0,16,America/New_York,2026-08-31
4142495,Fenwick Island,Fenwick Island,"Assawoman Beach,Fenvik Ajland,Fenwick Is,Fenwick Island,Fenwick Isle,Fenwicks Island,fen wei ke dao,fynwyk ayland,jzyrh fnwyk  dlawr,phenavika a'ilyanda,Фенвик Ајланд,جزیره فنویک، دلاور,فينويك أيلاند,فینوک آئی لینڈ، ڈیلاویئر,फेनविक आइल्यान्ड,芬威克岛",38.46233,-75.05129,P,PPL,US,,DE,5,,,417,3.0,1,America/New_York,2017-03-09
4142601,Frankford,Frankford,"Frankford,Frankfort,Gum's Store,Long's Store",38.51734,-75.23491,P,PPL,US,,DE,5,,,933,10.0,11,America/New_York,2017-03-09
4142605,Frederica,Frederica,"Frederica,Frederica Landing,Frederika,Indian Point,Johnnycake Landing,Woodside,frdryka  dlawr,frydryka,fu lei de li ka,phredrika,Фредерика,Фредеріка,فردریکا، دلاور,فريدريكا,فریڈرکا، ڈیلاویئر,फ्रेड्रिका,弗雷德里卡",39.009,-75.46575,P,PPL,US,,DE,1,,,825,5.0,6,America/New_York,2017-03-09
4142643,Georgetown,Georgetown,"Dzordztaun,GED,George Town,Georgetown,jorjata'una,jwrjtawn,qiao zhi dui,Џорџтаун,جرج‌تاون، دلاور,جورج ٹاؤن، ڈیلاویئر,جورجتاون,जोर्जटाउन,乔治敦",38.69011,-75.38547,P,PPLA2,US,,DE,5,,,7051,16.0,18,America/New_York,2017-03-09
4142683,Glasgow,Glasgow,"Aikens Tavern,Aikentown,Glasgovo,Glasgow,Glazgo,ge la si ge,ghlasghw,glasago,glasgw,gurasugo,qlasqw  dlawyr,Глазго,غلاسغو,قلاسقو، دلاویر,گلاسگو,گلاسگو، ڈیلاویئر,ग्लासगो,グラスゴー,格拉斯哥",39.60483,-75.74521,P,PPL,US,,DE,3,,,14303,22.0,21,America/New_York,2026-08-30
4142766,Greenville,Greenville,"Greenville,Grinvill,ge lin wei er,ghrynfyl,grinabhila,grynwwyl,grynwyl,gurinbiru,qrynwyl  dlawyr,Гринвилл,Грінвілл,גרינוויל,غرينفيل,قرینویل، دلاویر,گرینویل,گرینویل، ڈیلاویئر,ग्रीनभिल,グリーンビル,格林維爾",39.779,-75.59826,P,PPL,US,,DE,3,,,2326,78.0,79,America/New_York,2011-05-14
4142770,Greenwood,Greenwood,"Greenwood,Grinvud,Saint Johnstown,ge lin wu de,ghrynwwd,grinavuda,Гринвуд,غرينوود,گرین ووڈ، ڈیلاویئر,گرین‌وود، دلاور,ग्रीनवूड,格林伍德",38.80706,-75.59132,P,PPL,US,,DE,5,,,1066,14.0,14,America/New_York,2017-03-09
4142841,Harrington,Harrington,"Clark's Corner,Clarks Corner,Garrington,Harrington,Kharington,Kharrington,ha ling dun,haelingteon,harinton,harynghtwn,harynjtwn,harynqtwn  dlawyr,hryngtwn  dlawr,hyaringatana,Гаррингтон,Гаррінґтон,Харингтон,Харрингтон,هارينجتون,هارينغتون,هارینقتون، دلاویر,هرینگتون، دلاور,ہیرنگٹن، ڈیلاویئر,ह्यारिंगटन,ハリントン,哈灵顿,哈靈頓,해링턴",38.92372,-75.5777,P,PPL,US,,DE,1,,,3691,18.0,18,America/New_York,2017-03-09
4142850,Hartly,Hartly,"Arthursville,Arthurville,Butterpat,Butterpot,Davisville,Hartley,Hartly,Slaughter",39.16872,-75.71326,P,PPL,US,,DE,1,,,71,21.0,21,America/New_York,2017-03-09
4142895,Henlopen Acres,Henlopen Acres,,38.72983,-75.08629,P,PPL,US,,DE,5,,,122,2.0,5,America/New_York,2011-05-14
4142942,Highland Acres,Highland Acres,"Gajlend-Ejkers,Highland Acres,ha'ilyanda ekarsa,hai lan a ke lei si,hayland akrs,haylnd akrs  dlawyr,haylnd aykrs,Гайленд-Ейкерс,هايلاند أكرس,هایلند اکرس، دلاویر,هایلند ایکرس,हाइल्यान्ड एकर्स,海蘭阿克雷斯",39.12095,-75.52187,P,PPL,US,,DE,1,,,3459,11.0,17,America/New_York,2011-05-14
4142969,Hockessin,Hockessin,"Hocesion,Hockessin,Hockessing,Khokesin,Occasian,Occasion,Ockession,Okesan,Okeshion,Okesian,Okession,hokesina,Хокесин,होकेसिन",39.78761,-75.6966,P,PPL,US,,DE,3,,,13527,78.0,79,America/New_York,2026-08-30
4143057,Houston,Houston,"Kh'juston,Хьюстон",38.91761,-75.5052,P,PPL,US,,DE,1,,,391,15.0,16,America/New_York,2017-03-09
4143218,Kent Acres,Kent Acres,"Kent Acres,Kent-Ejkers,ken te a ke lei si,kenta ekarsa,knt akrz,knt akrz  dlawyr,kynt akrs,Кент-Ейкерс,كينت أكرس,کنت اکرز,کنت اکرز، دلاویر,کینٹ ایکرز، ڈیلاویئر,केन्ट एकर्स,肯特阿克雷斯",39.13178,-75.52492,P,PPL,US,,DE,1,,,1890,10.0,11,America/New_York,2011-05-14
4143230,Kenton,Kenton,"Grogtown,Grogue Town,Kenton,Lewis Cross Roads,ken dun,kenatana,kntwn,kntwn  dlawr,Кентон,كنتون,کنتون، دلاور,کینٹن، ڈیلاویئر,केनटन,肯顿",39.22761,-75.66298,P,PPL,US,,DE,1,,,265,18.0,19,America/New_York,2017-03-09
4143319,Laurel,Laurel,"Laurel,Laurel Town,Lorel,lao lei er,laurela,lawrl  dlawr,lwryl,Лорел,لارل، ڈیلاویئر,لاورل، دلاور,لوريل,लौरेल,劳雷尔",38.5565,-75.57131,P,PPL,US,,DE,5,,,4075,8.0,9,America/New_York,2026-08-30
4143348,Leipsic,Leipsic,"Fast Landing,Leipsic,Lejpsik,Lipsik,le'ipsika,li pu xi ke,lybsyk,lypsyk  dlawr,Лейпсік,Липсик,ليبسيك,لیپسک، ڈیلاویئر,لیپسیک، دلاور,लेइप्सिक,利普西克",39.24095,-75.51687,P,PPL,US,,DE,1,,,196,2.0,3,America/New_York,2017-03-09
4143354,Lewes,Lewes,"Fort Oplandt,Hoornkill,L'juis,Lewes,Lewes Creek,Lewes Town,Lewestown,Lewis,Lewis Town,Lewistown,Luis,Swanendael,Swanendale,Swansdak,Swansdale,Whoore Kill,Zwaanendael,liu yi si,livija,lu yi si,lwys,lwz  dlawr,ruisu,Луис,Льюис,Льюїс,لوز، دلاور,لويس,لیوئس، ڈیلاویئر,लीवीज,ルイス,刘易斯,劉易斯,路易斯",38.77456,-75.13935,P,PPL,US,,DE,5,,,3010,4.0,6,America/New_York,2017-03-09
4143408,Little Creek,Little Creek,"Bayview,Litl Krik,Littl-Krik,Little Creek,Little Creek Landing,litala krika,lytl kryk,lytl kryk  dlawr,xiao xi,Литл Крик,Літтл-Крік,ليتل كريك,لٹل کریک، ڈیلاویئر,لیتل کریک، دلاور,लिटल क्रीक,小溪",39.16706,-75.44825,P,PPL,US,,DE,1,,,233,3.0,2,America/New_York,2017-03-09
4143459,Long Neck,Long Neck,"Long Neck,Long-Nek,lang nei ke,lang nk,langa neka,lanq nk  dlawyr,lwngh nyk,Лонг-Нек,لانق نک، دلاویر,لانگ نک,لونغ نيك,लङ्ग नेक,朗內克",38.62011,-75.15074,P,PPL,US,,DE,5,,,1980,4.0,6,America/New_York,2026-08-30
4143506,Magnolia,Magnolia,"Magnolija,ma ge nuo li ya,maghnwlya,mgnwlya  dlawr,myagnoliya,Магнолија,Магнолія,ماغنوليا,منگولیا، ڈیلاویئر,مگنولیا، دلاور,म्याग्नोलिया,马格诺利亚",39.07122,-75.47603,P,PPL,US,,DE,1,,,234,8.0,11,America/New_York,2017-03-09
4143637,Middletown,Middletown,"Middle Town,Middleton,Middletown,Midltaun,mi de er dui,midalata'una,midorutaun,mydltawn  dlawr,myldtawn,Мидлтаун,ميلدتاون,مڈل ٹاؤن، ڈیلاویئر,میدلتاون، دلاور,मिडलटाउन,ミドルタウン,米德尔敦",39.44956,-75.71632,P,PPL,US,,DE,3,,,20372,21.0,21,America/New_York,2026-08-30
4143658,Milford,Milford,"Milford,North Milford,South Milford,mi er fu de,milapharda,milpeodeu,mirufodo,mylfwrd,mylfwrd  dlawr,mylfwrd  dlawyr,Милфорд,Мілфорд,ميلفورد,میلفورد، دلاور,میلفورد، دلاویر,میلفورڈ، ڈیلاویئر,मिलफर्ड,ミルフォード,米尔福德,米爾福德,밀퍼드",38.91261,-75.42797,P,PPL,US,,DE,5,,,10252,3.0,5,America/New_York,2017-03-09
4143690,Millsboro,Millsboro,"Millsboro,Millsborough,Milsboro,Rock Haul,Rock Hole,Washington,Washington Village,mi er si bo lei,milasbaro,mylsbrw  dlawr,mylsbwrw,Милсборо,ملزبورو، ڈیلاویئر,ميلسبورو,میلسبرو، دلاور,मिलस्बरो,米尔斯伯勒",38.5915,-75.2913,P,PPL,US,,DE,5,,,4216,7.0,7,America/New_York,2026-08-30
4143696,Millville,Millville,,38.54956,-75.12324,P,PPL,US,,DE,5,,,590,3.0,6,America/New_York,2017-03-09
4143698,Milton,Milton,"Broadkill,Clowes,Clows,Conwell's Landing,Conwells Landing,Head of Broadkill,Head of Broadkiln,Mil'ton,Milton,Osborne's Landing,Osbornes Landing,Sockumtown,Upper Landing,mi er dun,milatana,myltwn,myltwn  dlawr,Милтон,Мильтон,ملٹن، ڈیلاویئر,ميلتون,میلتون، دلاور,मिलटन,米尔顿",38.77761,-75.30991,P,PPL,US,,DE,5,,,2824,4.0,6,America/New_York,2017-03-09
4143821,Nassau,Nassau,"Nassau,Rehoboth,na sao,拿騷",38.75206,-75.18769,P,PPL,US,,DE,5,,,3699,8.0,9,America/New_York,2024-12-02
4143834,New Castle,New Castle,"Aresapa,Cannekonkan,Delaware Town,Fort Casimir,Fort Casimires,Fort Kasimier,Fort Trefalldigheet,Fort Trinity,Macherish Kitton,N'ju-Kasl,Neu Castle,Neucastle,New Amstel,New Castel,New Castl,New Castle,New Castle Town,New Castle Towne,Newcastle,Newcastle Town,Nieu Causeland,Nieuwer-Amstel,Niew Amstel,Nju Kasl,Nova Kastelo,Sandhocken,Santhoeck,Tamakonck,Tamecongh,Trefaldighet,Trefalldigheet,n'yu kyasala,niu ka si er,nyukaeseul,nyw kasl,nyw kastl  dlawyr,nywkasl  dlawr,Њу Касл,Нью-Касл,ניו קאסל,نيو كاسل,نیو کاستل، دلاویر,نیو کیسل، ڈیلاویئر,نیوکاسل، دلاور,نیوکاسڵ، دێلەوەیر,न्यु क्यासल,ニュー・キャッスル,紐卡斯爾,纽卡斯尔,뉴캐슬",39.65948,-75.56359,P,PPL,US,,DE,3,7316541.0,,5382,3.0,1,America/New_York,2024-01-03
4143861,Newark,Newark,"N'juark,New Worke,Newark,Niouark,Njuark,Nyuark,n'yu'arka,niu wa ke,nyuaku,nyueokeu,nywark,nywark  dlawr,nywark  dlawyr,Νιούαρκ,Њуарк,Ньюарк,Нюарк,Նյուարկ,ניוארק,نيوارك,نیوآرک، دلاور,نیوارک، دلاویر,نیوارک، ڈیلاویئر,न्युआर्क,ニューアーク,紐瓦克,纽瓦克,뉴어크",39.68372,-75.74966,P,PPL,US,,DE,3,,,33817,38.0,39,America/New_York,2017-03-09
4143871,Newport,Newport,"N'juport,New Port,New Port Ayre,Newport,Njuport,n'yuporta,niu bo te,nywbwrt,nywpwrt  dlawr,Њупорт,Ньюпорт,نيوبورت,نیو پورٹ، ڈیلاویئر,نیوپورت، دلاور,न्युपोर्ट,纽波特",39.71372,-75.60937,P,PPL,US,,DE,3,,,1058,10.0,8,America/New_York,2017-03-09
4143897,North Star,North Star,,39.76122,-75.7191,P,PPL,US,,DE,3,,,7980,106.0,112,America/New_York,2011-05-14
4143946,Odessa,Odessa,"Appoquinimi,Cantwell,Cantwell's Bridge,Cantwells Bridge,Odesa,Odessa,ao de sa,awdsa  dlawr,awdysa,odesa,Одеса,Одесса,أوديسا,اودسا، دلاور,اوڈیسا، ڈیلاویئر,ओडेसा,敖德萨",39.45733,-75.66132,P,PPL,US,,DE,3,,,374,18.0,15,America/New_York,2017-03-09
4144100,Pike Creek,Pike Creek,"Pajk-Krik,Pike Creek,bayk kryk,pa'ika krika,paikukuriku,pyk kryk,pyk kryk  dlawyr,Пайк-Крик,Пайк-Крік,بايك كريك,پیک کریک,پیک کریک، دلاویر,पाइक क्रीक,パイククリーク",39.73095,-75.7041,P,PPL,US,,DE,3,,,7898,38.0,44,America/New_York,2011-05-14
4144101,Pike Creek Valley,Pike Creek Valley,"Pajk-Krik-Velli,Pike Creek Valley,payk kryk wly,payk kryk wly  dlawyr,Пайк-Крик-Велли,Пайк-Крік-Веллі,پایک کریک ولی,پایک کریک ولی، دلاویر",39.73622,-75.69827,P,PPL,US,,DE,3,,,11217,74.0,74,America/New_York,2011-05-14
4144284,Rehoboth Beach,Rehoboth Beach,"REH,Rehobeth,Rehobeth Beach,Rehoboth,Rehoboth Beach,Rekhobot Bich,Rekhobot-Bich,leohobeoseubichi,li huo bo si bi qi,rehobosubichi,rehobotha bica,ryhwbath bych  dlawr,ryhwbwth bytsh,Рехобот Бич,Рехобот-Бич,Рехобот-Біч,ريهوبوث بيتش,ریهوباث بیچ، دلاور,ریہوبوتھ بیچ، ڈیلاویئر,रेहोबोथ बीच,レホボスビーチ,里霍博斯比奇,러호버스비치",38.72095,-75.07601,P,PPL,US,,DE,5,,,1458,0.0,6,America/New_York,2017-03-09
4144338,Riverview,Riverview,"Riverv'ju,Riverview,Rivervuju,li fu wei you,ribharabhyu,ryfrfyw,rywrwyw,rywrwyw  dlawyr,Ривервъю,Ріверв'ю,ريفرفيو,ریورویو,ریورویو، دلاویر,रिभरभ्यू,里弗維尤",39.0265,-75.51076,P,PPL,US,,DE,1,,,2456,9.0,13,America/New_York,2011-05-14
4144366,Rodney Village,Rodney Village,"Rodney Village,Rodni-Villedzh,luo de ni cun,rodni bhileja,rwdny,Родни-Вилледж,Родні-Вілледж,رادنی‌ویلج,رادنی‌ویلج، دلاویر,رودنى,رودني,रोड्नी भिलेज,羅德尼村",39.13206,-75.53242,P,PPL,US,,DE,1,,,1487,12.0,13,America/New_York,2011-05-14
4144600,Seaford,Seaford,"Hooper's Landing,Hoopers Landing,Seaford,Seaford City,Seford,Siford,shifodo,sipharda,syfwrd,syfwrd  dlawr,syfwrd  dlawyr,xi fu de,Сифорд,Сіфорд,سيفورد,سیفورد، دلاور,سیفورد، دلاویر,سیفورڈ، ڈیلاویئر,सीफर्ड,シーフォード,錫福德,锡福德",38.64123,-75.61104,P,PPL,US,,DE,5,,,7586,7.0,5,America/New_York,2026-08-30
4144620,Selbyville,Selbyville,"Sandy Branch,Selbyville",38.46039,-75.22074,P,PPL,US,,DE,5,,,2397,11.0,11,America/New_York,2017-03-09
4144743,Slaughter Beach,Slaughter Beach,,38.91289,-75.30408,P,PPL,US,,DE,5,,,230,2.0,3,America/New_York,2017-03-09
4144764,Smyrna,Smyrna,"Cross Roads,Duck Creek,Duck Creek Cross Roads,Duck Creek Town,Smirna,Smyrna,smirna,smyrna,smyrna  dlawr,Смирна,سمرنا، ڈیلاویئر,سميرنا,سمیرنا، دلاور,स्मीर्ना",39.29983,-75.60465,P,PPL,US,,DE,1,,,11319,10.0,10,America/New_York,2017-03-09
4144787,South Bethany,South Bethany,"Saut Betani,btany jnwby  dlawr,nan bo da ni,sa'utha bethyani,sawth bythany,Саут Бетани,بتانی جنوبی، دلاور,جنوبی بیتھانی، ڈیلاویئر,ساوث بيثاني,साउथ बेथ्यानी,南伯达尼",38.5165,-75.05296,P,PPL,US,,DE,5,,,497,1.0,7,America/New_York,2017-03-09
4145047,Townsend,Townsend,"Charleston,Charley Town,Charleytown,Taunsend,Townsend,ta'unasenda,tang sen de,tawnsnd,tawnsnd  dlawr,Таунсенд,تاونسند,تاونسند، دلاور,ٹاؤن سینڈ، ڈیلاویئر,टाउनसेन्ड,汤森德",39.39511,-75.6916,P,PPL,US,,DE,3,,,2177,20.0,23,America/New_York,2026-08-30
4145151,Viola,Viola,"Canterbury Station,Viola",39.04289,-75.57187,P,PPL,US,,DE,1,,,170,18.0,18,America/New_York,2017-03-09
4145381,Wilmington,Wilmington,"Christinahamn,Fort Altena,Fort Christina,ILG,Uilmingtan,Uilmington,Uilmingtun,Vilmington,Vilmingtona,Vilmingtonas,Vilmingtonia,Vilmingtono,Walmington,Willington,Willingtown,Wilmington,Wilmington (Delaware),Wilmington City,Wilmington i Delaware,uiruminton,vilmingatana,wei er ming dun,wilmingteon,wylmnghtwn,wylmyngtwn,wylmyngtwn  dlawr,Вилмингтон,Вілмінгтон,Уилмингтон,Уилмингтън,Уілмінгтан,וילמינגטון,ويلمنغتون,ویلمینگتون، دلاور,ویلمینگٹن، ڈیلاویئر,विल्मिंगटन,უილმინგტონი,ウィルミントン,威尔明顿,윌밍턴",39.74595,-75.54659,P,PPLA2,US,,DE,3,,,70898,28.0,37,America/New_York,2025-06-26
4145395,Wilmington Manor,Wilmington Manor,"Vilmington-Manor,Wilmington Manor,vilmingatana myanora,wei er ming dun zhuang yuan,wylmynghtwn manwr,wylmyngtn mnr,wylmynqtn mnr  dlawyr,Вилмингтон-Манор,Вілмінгтон-Манор,ويلمينغتون مانور,ویلمینقتن منر، دلاویر,ویلمینگتن منر,ویلمینگٹن مینور، ڈیلاویئر,विल्मिंगटन म्यानोर,威爾明頓莊園",39.68678,-75.58437,P,PPL,US,,DE,3,,,7889,18.0,21,America/New_York,2011-05-14
4145471,Woodside,Woodside,"Burnt House Crossroad,Fredonia,Woodside",39.0715,-75.56826,P,PPL,US,,DE,1,,,196,17.0,18,America/New_York,2017-03-09
4145483,Wyoming,Wyoming,"Camden Station,Vajoming,West Camden,Wyoming,huai e ming,vayominga,waywmngh,waywmyng  dlawr,Вайоминг,Вайомінг,Вајоминг,وايومنغ,وایومنگ، ڈیلاویئر,وایومینگ، دلاور,वायोमिंग,怀俄明",39.11817,-75.55881,P,PPL,US,,DE,1,,,1465,13.0,14,America/New_York,2017-03-09
4236895,Decatur,Decatur,"DEC,Decatur,Dekaturo,Dekejter,Dekejtur,dekatara,di kai te,dikatura,dikeiteo,diketa,diketara,dikhe the xr,dykadwr,dykytwr  aylynwy,Декейтер,Декејтур,ديكادور,دیکیتور، ایلینوی,ڈیکاٹر، الینوائے,डिकॅटर,डेकाटर,ডিকাটুর,ดิเคเทอร์,ディケーター,迪凯特,디케이터",39.84031,-88.9548,P,PPLA2,US,,IL,115,18836.0,,73254,205.0,206,America/Chicago,2017-05-23
4464897,Edenton,Edenton,"EDE,Edenton,Identon,Town on Matecomack Creek,Town on Queen Annes Creek,adntwn  karwlynay shmaly,adyntwn,Идентон,إدينتون,ادنتون، کارولینای شمالی",36.05794,-76.60772,P,PPLA2,US,,NC,41,,,4849,3.0,6,America/New_York,2026-08-30
4853608,Decorah,Decorah,"DEH,Dehkorakh,dkwrah  aywwa,dykwrah,Дэкорах,ديكوراه,دکوراه، آیووا",43.30331,-91.78571,P,PPLA2,US,,IA,191,90924.0,,7907,268.0,271,America/Chicago,2026-08-30
5017385,Baudette,Baudette,"BDE,Baudehtt,Baudette,Bodett,City of Baudette,bao de te,bawdyt,Баудэтт,Бодетт,باؤدیت، مینیسوٹا,باودت، مینه‌سوتا,باوديت,包地特",48.71247,-94.59993,P,PPLA2,US,,MN,77,4024.0,,1063,331.0,329,America/Chicago,2017-05-23
5070216,Holdrege,Holdrege,"HDE,Holdredge,Holdrege,Kholdridzh,huo er de li qi,hwldrg  nbraska,hwldryj,Холдридж,هولدريج,هولدرگ، نبراسکا,霍爾德里奇",40.44029,-99.36982,P,PPLA2,US,,NE,137,,,5561,710.0,716,America/Chicago,2017-03-09
5419384,Denver,Denver,"DEN,Dehnver,Denber,Denvr,Denver,Denver County,Denvera,Denveres,Denveris,Denverium,Denvero,Denverės,Denwer,Dénwér,Mile-High City,Ntenver,Queen City of the Plains,Saint Charles,The Mexican Diggings,The Spanish Diggings,dainavara,dan fu,denabhara,denabhara ka'unti,denavara,denba,denbeo,denbhara,denvar,denveri,denvhara,denwexr,dnfr,dnwr,dnwr  klradw,dnwwr,tenvar,Ντένβερ,Денвер,Денвър,Дэнвер,Դենվեր,דנוור,דענווער,دنفر,دنور,دنور، کلرادو,ڈینور,ډnwr,ډنور,डॅनवर,डेन्भर,डेन्वर्,डेन्व्हर,देन्भर,ডেনভার,ডেনভার কাউন্টি,ਡੈਨਵਰ,டென்வர்,డెన్వర్,ഡെൻവർ,เดนเวอร์,დენვერი,ደንቨር,デンバー,丹佛,덴버",39.73915,-104.9847,P,PPLA,US,,CO,31,,,729019,1609.0,1636,America/Denver,2026-04-14
7258211,Dover Base Housing,Dover Base Housing,"Dover Base Housing,Dover Base Housing CDP",39.11763,-75.48393,P,PPL,US,,DE,1,,,3450,6.0,8,America/New_York,2011-05-14
7258553,Rising Sun-Lebanon,Rising Sun-Lebanon,"Lebanon,Leviganta Suno-Lebanono,Leviĝanta Suno-Lebanono,Rajzing-San-Lebanon,Rising Sun-Lebanon,Rising Sun-Lebanon CDP,lai xin sen-li ba nen,ra'ijinga sanalebanan,rayzyng san lbnan,rayzynq san lbnan  dlawyr,Райзинг-Сан-Лебанон,Райзінг-Сан-Лебанон,رایزینق سان لبنان، دلاویر,رایزینگ سان لبنان,राइजिंग सनलेबानन्,萊辛森-黎巴嫩",39.09977,-75.50488,P,PPL,US,,DE,1,,,3391,8.0,8,America/New_York,2011-05-14
7259226,Woodside East,Woodside East,"Vudsajd-Ist,Woodside East,Woodside East CDP,dong wu de sai de,vudsa'ida ista,wdsayd ayst,wwdsayt ayst,wwdsayt ayst  dlawyr,Вудсайд-Іст,Вудсайд-Ист,ودسايد إيست,ودسايد ايست,وودسایت ایست,وودسایت ایست، دلاویر,वूड्साइड इस्ट,東伍德賽德",39.06756,-75.53748,P,PPL,US,,DE,1,,,2316,14.0,16,America/New_York,2011-05-14
11496827,Stephen R Korup / Joseph B Riddle,Stephen R Korup / Joseph B Riddle,,39.2344,-75.74037,P,PPL,US,,DE,1,,,75,5.0,19,America/New_York,2017-03-27
